{"cameraMode":{"drawMode":0,"name":"Shaded","section":"Shading Mode"},"sceneLighting":false,"audioPlay":false,"sceneViewState":{"m_AlwaysRefresh":false,"showFog":false,"showSkybox":false,"showFlares":false,"showImageEffects":false,"showParticleSystems":false,"showVisualEffectGraphs":true,"m_FxEnabled":true},"in2DMode":false,"pivot":{"x":-0.06315934658050537,"y":0.8585349321365356,"z":0.010398149490356446},"rotation":{"x":-0.08456093817949295,"y":0.7486591935157776,"z":-0.09735223650932312,"w":-0.6502925157546997},"size":1.1150078773498536,"orthographic":false}